Charlie; Individuo
EDA; Organización
Chaleco; Objeto 
Yolanda; Individuo
Gaxur; Individuo
Bañares; Individuo
TAD; Objeto
Pablo; Individuo
Marietuco; Individuo
Borrel; Individuo
Alex; Individuo
Cornago; Individuo
Cabra; Individuo
Abdel; Individuo
Mario Caude; Individuo
Páramo; Individuo
Alejos; Individuo
Germán Badía; Individuo
Módena; Lugar
Lulea; Lugar
Deza; Individuo
Deivid; Individuo
Día; Lugar
Mallén; Lugar
Panceta; Individuo
Mena; Individuo
Gordo; Individuo
Mostruo; Objeto
FADE; Organización
Ferreras; Individuo
Atienza; Individuo
Putero; Individuo
José; Individuo
Lorenzo; Individuo
Rodri; Individuo
Bang Bang; Objeto
Valen; Individuo
Gitano; Individuo
Pulido; Individuo
Sardinas; Objeto
Obi Wan; Individuo
Palvaper (PSCD); Individuo
Bosa; Individuo
Roma; Lugar
Nápoles; Lugar
Gemelos rumanos; Individuo
Kenbo; Lugar
Haram; Objeto
Victor Beguería; Individuo
Antonio (el viejo); Individuo
Jonah Hill; Individuo
Paso de ecuador; Evento
Graduación; Evento
Sella; Evento
Mochila de Páramo; Lugar
Cerveza; Objeto
Jordi Bernad; Individuo
Porro; Objeto
Impostor; Individuo
Fraude; Individuo
Medicina; Organización
Tarazona; Lugar
Huesca; Lugar
Torres Quevedo; Lugar
Latre; Individuo
Lizer; Individuo
Gaviotas; Organización
La Secta; Organización
Rumano; Individuo
Alarma; Objeto
Tazón; Individuo
Senar; Individuo
Carrera; Evento
Eloy; Individuo
N...; Individuo
Moro; Individuo
Etarra; Individuo
Prácticas; Evento
Paella; Objeto
Barbacoa; Evento
Brawl Stars; Organización
Ebuetas; Individuo
Hendrix; Organización
Mr Tartaria; Individuo
Supermercado; Lugar
Navaja; Objeto
Correa; Objeto
JSerrano; Individuo
Yaguito; Individuo
Nogueras; Individuo
Enano; Individuo
Ajedrez; Objeto
Julvos; Individuo
Julvez; Individuo
Proxy; Objeto
Francis; Individuo
Bisbal; Individuo
Postre; Objeto
Alejandro Vives; Individuo
Jalonu; Individuo
Miana; Individuo
MANOLO LA CABRA; Individuo
Hija de Luisma; Individuo
Pedro Abad; Individuo
Etiopía; Lugar
Tahir; Individuo
Bue bue; Objeto
Glock; Objeto
Clash Royale; Objeto
Mercenario; Individuo